Model,Seed,Budget,Initial_MSE,Final_MSE,Previous20_mean,Last20_mean,Decrease_percent,Status
Base,0,100,0.46307971521408753,0.023026927281616982,0.027691478096201157,0.02418777006410651,12.652658048525414,decreasing
Base,0,200,0.46307971521408753,0.016759033710240817,0.01831553075824841,0.01726377934016802,5.742402073752261,decreasing
Base,1,100,0.4648091749225694,0.021326824562365208,0.024924743561518838,0.022214587445576008,10.873356065845442,decreasing
Base,1,200,0.4648091749225694,0.01630994766168408,0.017446848946619242,0.016685778921121597,4.362220523753207,decreasing
Base,7,100,0.5006821624184127,0.020304090234923192,0.022666455291956423,0.020975766931605338,7.458988794560455,decreasing
Base,7,200,0.5006821624184127,0.015785757972919208,0.016924119055444175,0.016174156187019957,4.431325884480638,decreasing
Base,21,100,0.4506137758554304,0.01896933104941817,0.021710040960187298,0.01963338499872733,9.56541705871591,decreasing
Base,21,200,0.4506137758554304,0.014839711500810551,0.015799772100118643,0.015141466748516009,4.166549665597332,decreasing
Base,42,100,0.4927884126099676,0.018172576197089906,0.022283118806187965,0.019151050537543436,14.055789478512143,decreasing
Base,42,200,0.4927884126099676,0.013530304547715083,0.014286764996325484,0.013747495008383643,3.7746122938295694,decreasing
Base,100,100,0.49018136674070034,0.02066594628887955,0.02409419329142903,0.021576487994600484,10.449427654106865,decreasing
Base,100,200,0.49018136674070034,0.01530983127306616,0.016697595250957892,0.015744223626913176,5.709634289943784,decreasing
Base,123,100,0.5250832618861826,0.019981446719876707,0.026574080148496416,0.021379694053156578,19.546814287883233,decreasing
Base,123,200,0.5250832618861826,0.01472871984753823,0.015575792520989434,0.014815564843390503,4.8808282247883845,decreasing
Base,999,100,0.5210541999793845,0.019354882132262812,0.022728661910772753,0.02014368050449857,11.373223009881524,decreasing
Base,999,200,0.5210541999793845,0.015605343421765316,0.016339571641138313,0.015830673040639887,3.114516167713764,decreasing
Base,2024,100,0.5043476978791687,0.021205022346923123,0.025846967017216428,0.02251225128539564,12.901768047289892,decreasing
Base,2024,200,0.5043476978791687,0.013865068248057067,0.01501173453599455,0.014243051964224063,5.120544664091744,decreasing
Base,2025,100,0.5125456151485647,0.01833153905991497,0.021913418132132267,0.019258979166766964,12.113304046679163,decreasing
Base,2025,200,0.5125456151485647,0.013796505093660618,0.014562638046716456,0.01396587937238614,4.097874797244391,decreasing
DirectReturns,0,100,0.4945064462499257,0.01654036318653575,0.02234481037848774,0.017963250021761336,19.608850030540925,decreasing
DirectReturns,0,200,0.4945064462499257,0.010635261974327294,0.011714503205377862,0.010944102154141088,6.576472238985776,decreasing
DirectReturns,1,100,0.5235766077048918,0.01879666077265842,0.023307593702375288,0.019842423436986594,14.86713004198094,decreasing
DirectReturns,1,200,0.5235766077048918,0.012008859782788687,0.013387864230173338,0.012406046733566527,7.333637985318131,decreasing
DirectReturns,7,100,0.5398890028120816,0.018762070747255388,0.02616641707165996,0.02067857414427792,20.972848183046626,decreasing
DirectReturns,7,200,0.5398890028120816,0.010748070493567009,0.012147953902799918,0.011155355316181195,8.17091169888243,decreasing
DirectReturns,21,100,0.48818456525834564,0.014647593016287883,0.020135201326488522,0.015799111187719157,21.534873520559714,decreasing
DirectReturns,21,200,0.48818456525834564,0.010084106399412476,0.010807382071731113,0.010217318590882606,5.459818825059743,decreasing
DirectReturns,42,100,0.5046685812987113,0.019320403671656983,0.02505525952604552,0.020809030127911667,16.94745725431341,decreasing
DirectReturns,42,200,0.5046685812987113,0.011249385503935467,0.012805126508239367,0.01168466745141956,8.750081899611496,decreasing
DirectReturns,100,100,0.4744248025551689,0.015852453605371047,0.02124710354654104,0.017227399622155602,18.918832468531146,decreasing
DirectReturns,100,200,0.4744248025551689,0.009232292584403409,0.010233772617419685,0.009531154383782535,6.865681502842556,decreasing
DirectReturns,123,100,0.510543115689017,0.01728745720247936,0.021506595839510555,0.018298476466833948,14.916909196679345,decreasing
DirectReturns,123,200,0.510543115689017,0.012448605159004816,0.013456324110452497,0.012744012478531994,5.293508287060345,decreasing
DirectReturns,999,100,0.488592692608967,0.016899647065112877,0.02367448856762546,0.01850765730959037,21.824468322837017,decreasing
DirectReturns,999,200,0.488592692608967,0.010824169475366742,0.01185992501878981,0.011213734661644681,5.448519751358989,decreasing
DirectReturns,2024,100,0.49385960935714074,0.015756742538599045,0.0197418246903522,0.016652037800538696,15.650969139258335,decreasing
DirectReturns,2024,200,0.49385960935714074,0.011361544450781512,0.01254035439420884,0.011668489442490404,6.952474581747577,decreasing
DirectReturns,2025,100,0.528063065122899,0.01599653152683002,0.019403792960507517,0.016941871830109343,12.687834463132617,decreasing
DirectReturns,2025,200,0.528063065122899,0.0099076649566466,0.011176211142910454,0.010272863829154466,8.082768857932862,decreasing
Stacking,0,100,0.47429888172107443,0.020516095779452747,0.021928064294697742,0.020909774485894875,4.643774275365892,decreasing
Stacking,0,200,0.4739617827794493,0.013407405868902383,0.013932725795470113,0.013565932462681262,2.6326028242664825,decreasing
Stacking,1,100,0.5019986778929525,0.01834133177229053,0.019767678002157382,0.018684985198518658,5.47708640094483,decreasing
Stacking,1,200,0.5015774690412552,0.013274192886559467,0.013509350916256524,0.01334119564202281,1.2447324469998284,decreasing
Stacking,7,100,0.5384402304656107,0.017538581609427728,0.018885164519483102,0.017831660488214482,5.578474204880556,decreasing
Stacking,7,200,0.5384745773402916,0.01321868049690821,0.013485780406649894,0.013301398436691151,1.3672324804267397,decreasing
Stacking,21,100,0.4700431675476502,0.016957117638313195,0.017803250987958503,0.017167486388860752,3.5710590134788305,decreasing
Stacking,21,200,0.46981284637684523,0.012421058167542237,0.012710561595734388,0.01251172972471096,1.5643043741682836,decreasing
Stacking,42,100,0.4961850521719711,0.01696107515654378,0.01835292489181043,0.0173112535855073,5.675778179465833,decreasing
Stacking,42,200,0.49597315618229854,0.011929633297515129,0.012191191764240977,0.012006243136980411,1.517067657019833,decreasing
Stacking,100,100,0.49248935134029287,0.018661471518786006,0.019637855694817012,0.01891443178180919,3.683823347366561,decreasing
Stacking,100,200,0.4922172097364717,0.01320237766635307,0.0134807992093923,0.01329183935218714,1.4016962516102789,decreasing
Stacking,123,100,0.5408590532979762,0.017243934155705135,0.018720296095542568,0.01756550669574733,6.168649223823985,decreasing
Stacking,123,200,0.5410500573398638,0.011728501227221017,0.01197384021831344,0.011800807239947616,1.4450917601287026,decreasing
Stacking,999,100,0.48681157374485257,0.017199716141501238,0.018222669515857187,0.01743326604020246,4.331985908913056,decreasing
Stacking,999,200,0.4867285842137973,0.013337427468355981,0.013500775350105632,0.013382923630477318,0.8729255659186409,plateau
Stacking,2024,100,0.5054483259237369,0.018636782072738386,0.01935317171721967,0.018799620178741847,2.8602626306741046,decreasing
Stacking,2024,200,0.5051245151596824,0.012273980666624962,0.012449701883122985,0.01232790499299206,0.9783116999454746,plateau
Stacking,2025,100,0.5181900970056181,0.017061919860412805,0.01818131813789759,0.017348137815529786,4.582617806082517,decreasing
Stacking,2025,200,0.5180412703358732,0.011779688769242333,0.012098121316816523,0.0118777275025791,1.8217193270419056,decreasing
