Year,Effective_date,Trigger_date,Seed,Train_end,Train_N,N,Stage2_features
2016,2016-01-01,,741131,2015-12-31,960,1,base_prediction|gold_daily|gold_vs_ma5|gold_vs_ma20|copper_daily|copper_vs_ma5|copper_vs_ma20|a500_vs_ma20|us10y_vs_ma20|RSI14_lag1|DIFF_lag1|DEA_lag1|cn10y_vs_ma20|brent_vs_ma20|dollar_vs_ma20
2016,2016-01-04,2016-01-01,640934,2016-01-01,961,2,base_prediction|gold_daily|gold_vs_ma5|gold_vs_ma20|copper_daily|copper_vs_ma5|copper_vs_ma20|a500_vs_ma20|us10y_vs_ma20|RSI14_lag1|DIFF_lag1|DEA_lag1|cn10y_vs_ma20|brent_vs_ma20|dollar_vs_ma20
2016,2016-01-06,2016-01-05,640934,2016-01-05,963,1,base_prediction|gold_daily|gold_vs_ma5|gold_vs_ma20|copper_daily|copper_vs_ma5|copper_vs_ma20|a500_vs_ma20|us10y_vs_ma20|RSI14_lag1|DIFF_lag1|DEA_lag1|cn10y_vs_ma20|brent_vs_ma20|dollar_vs_ma20
2016,2016-01-07,2016-01-06,640934,2016-01-06,964,1,base_prediction|gold_daily|gold_vs_ma5|gold_vs_ma20|copper_daily|copper_vs_ma5|copper_vs_ma20|a500_vs_ma20|us10y_vs_ma20|RSI14_lag1|DIFF_lag1|DEA_lag1|cn10y_vs_ma20|brent_vs_ma20|dollar_vs_ma20
2016,2016-01-08,2016-01-07,640934,2016-01-07,965,1,base_prediction|gold_daily|gold_vs_ma5|gold_vs_ma20|copper_daily|copper_vs_ma5|copper_vs_ma20|a500_vs_ma20|us10y_vs_ma20|RSI14_lag1|DIFF_lag1|DEA_lag1|cn10y_vs_ma20|brent_vs_ma20|dollar_vs_ma20
2016,2016-01-11,2016-01-08,640934,2016-01-08,966,1,base_prediction|gold_daily|gold_vs_ma5|gold_vs_ma20|copper_daily|copper_vs_ma5|copper_vs_ma20|a500_vs_ma20|us10y_vs_ma20|RSI14_lag1|DIFF_lag1|DEA_lag1|cn10y_vs_ma20|brent_vs_ma20|dollar_vs_ma20
2016,2016-01-12,2016-01-11,640934,2016-01-11,967,2,base_prediction|gold_daily|gold_vs_ma5|gold_vs_ma20|copper_daily|copper_vs_ma5|copper_vs_ma20|a500_vs_ma20|us10y_vs_ma20|RSI14_lag1|DIFF_lag1|DEA_lag1|cn10y_vs_ma20|brent_vs_ma20|dollar_vs_ma20
2016,2016-01-14,2016-01-13,640934,2016-01-13,969,1,base_prediction|gold_daily|gold_vs_ma5|gold_vs_ma20|copper_daily|copper_vs_ma5|copper_vs_ma20|a500_vs_ma20|us10y_vs_ma20|RSI14_lag1|DIFF_lag1|DEA_lag1|cn10y_vs_ma20|brent_vs_ma20|dollar_vs_ma20
2016,2016-01-15,2016-01-14,640934,2016-01-14,970,1,base_prediction|gold_daily|gold_vs_ma5|gold_vs_ma20|copper_daily|copper_vs_ma5|copper_vs_ma20|a500_vs_ma20|us10y_vs_ma20|RSI14_lag1|DIFF_lag1|DEA_lag1|cn10y_vs_ma20|brent_vs_ma20|dollar_vs_ma20
2016,2016-01-18,2016-01-15,640934,2016-01-15,971,2,base_prediction|gold_daily|gold_vs_ma5|gold_vs_ma20|copper_daily|copper_vs_ma5|copper_vs_ma20|a500_vs_ma20|us10y_vs_ma20|RSI14_lag1|DIFF_lag1|DEA_lag1|cn10y_vs_ma20|brent_vs_ma20|dollar_vs_ma20
2016,2016-01-20,2016-01-19,640934,2016-01-19,973,2,base_prediction|gold_daily|gold_vs_ma5|gold_vs_ma20|copper_daily|copper_vs_ma5|copper_vs_ma20|a500_vs_ma20|us10y_vs_ma20|RSI14_lag1|DIFF_lag1|DEA_lag1|cn10y_vs_ma20|brent_vs_ma20|dollar_vs_ma20
2016,2016-01-22,2016-01-21,565766,2016-01-21,975,1,base_prediction|gold_daily|gold_vs_ma5|gold_vs_ma20|copper_daily|copper_vs_ma5|copper_vs_ma20|a500_vs_ma20|us10y_vs_ma20|RSI14_lag1|DIFF_lag1|DEA_lag1|cn10y_vs_ma20|brent_vs_ma20|dollar_vs_ma20
2016,2016-01-25,2016-01-22,565766,2016-01-22,976,1,base_prediction|gold_daily|gold_vs_ma5|gold_vs_ma20|copper_daily|copper_vs_ma5|copper_vs_ma20|a500_vs_ma20|us10y_vs_ma20|RSI14_lag1|DIFF_lag1|DEA_lag1|cn10y_vs_ma20|brent_vs_ma20|dollar_vs_ma20
2016,2016-01-26,2016-01-25,565766,2016-01-25,977,1,base_prediction|gold_daily|gold_vs_ma5|gold_vs_ma20|copper_daily|copper_vs_ma5|copper_vs_ma20|a500_vs_ma20|us10y_vs_ma20|RSI14_lag1|DIFF_lag1|DEA_lag1|cn10y_vs_ma20|brent_vs_ma20|dollar_vs_ma20
2016,2016-01-27,2016-01-26,565766,2016-01-26,978,1,base_prediction|gold_daily|gold_vs_ma5|gold_vs_ma20|copper_daily|copper_vs_ma5|copper_vs_ma20|a500_vs_ma20|us10y_vs_ma20|RSI14_lag1|DIFF_lag1|DEA_lag1|cn10y_vs_ma20|brent_vs_ma20|dollar_vs_ma20
2016,2016-01-28,2016-01-27,565766,2016-01-27,979,1,base_prediction|gold_daily|gold_vs_ma5|gold_vs_ma20|copper_daily|copper_vs_ma5|copper_vs_ma20|a500_vs_ma20|us10y_vs_ma20|RSI14_lag1|DIFF_lag1|DEA_lag1|cn10y_vs_ma20|brent_vs_ma20|dollar_vs_ma20
2016,2016-01-29,2016-01-28,565766,2016-01-28,980,1,base_prediction|gold_daily|gold_vs_ma5|gold_vs_ma20|copper_daily|copper_vs_ma5|copper_vs_ma20|a500_vs_ma20|us10y_vs_ma20|RSI14_lag1|DIFF_lag1|DEA_lag1|cn10y_vs_ma20|brent_vs_ma20|dollar_vs_ma20
2016,2016-02-01,2016-01-29,565766,2016-01-29,981,1,base_prediction|gold_daily|gold_vs_ma5|gold_vs_ma20|copper_daily|copper_vs_ma5|copper_vs_ma20|a500_vs_ma20|us10y_vs_ma20|RSI14_lag1|DIFF_lag1|DEA_lag1|cn10y_vs_ma20|brent_vs_ma20|dollar_vs_ma20
2016,2016-02-02,2016-02-01,565766,2016-02-01,982,1,base_prediction|gold_daily|gold_vs_ma5|gold_vs_ma20|copper_daily|copper_vs_ma5|copper_vs_ma20|a500_vs_ma20|us10y_vs_ma20|RSI14_lag1|DIFF_lag1|DEA_lag1|cn10y_vs_ma20|brent_vs_ma20|dollar_vs_ma20
2016,2016-02-03,2016-02-02,565766,2016-02-02,983,1,base_prediction|gold_daily|gold_vs_ma5|gold_vs_ma20|copper_daily|copper_vs_ma5|copper_vs_ma20|a500_vs_ma20|us10y_vs_ma20|RSI14_lag1|DIFF_lag1|DEA_lag1|cn10y_vs_ma20|brent_vs_ma20|dollar_vs_ma20
2016,2016-02-04,2016-02-03,565766,2016-02-03,984,1,base_prediction|gold_daily|gold_vs_ma5|gold_vs_ma20|copper_daily|copper_vs_ma5|copper_vs_ma20|a500_vs_ma20|us10y_vs_ma20|RSI14_lag1|DIFF_lag1|DEA_lag1|cn10y_vs_ma20|brent_vs_ma20|dollar_vs_ma20
2016,2016-02-05,2016-02-04,565766,2016-02-04,985,1,base_prediction|gold_daily|gold_vs_ma5|gold_vs_ma20|copper_daily|copper_vs_ma5|copper_vs_ma20|a500_vs_ma20|us10y_vs_ma20|RSI14_lag1|DIFF_lag1|DEA_lag1|cn10y_vs_ma20|brent_vs_ma20|dollar_vs_ma20
2016,2016-02-06,2016-02-05,565766,2016-02-05,986,1,base_prediction|gold_daily|gold_vs_ma5|gold_vs_ma20|copper_daily|copper_vs_ma5|copper_vs_ma20|a500_vs_ma20|us10y_vs_ma20|RSI14_lag1|DIFF_lag1|DEA_lag1|cn10y_vs_ma20|brent_vs_ma20|dollar_vs_ma20
2016,2016-02-08,2016-02-06,565766,2016-02-06,987,1,base_prediction|gold_daily|gold_vs_ma5|gold_vs_ma20|copper_daily|copper_vs_ma5|copper_vs_ma20|a500_vs_ma20|us10y_vs_ma20|RSI14_lag1|DIFF_lag1|DEA_lag1|cn10y_vs_ma20|brent_vs_ma20|dollar_vs_ma20
2016,2016-02-09,2016-02-08,565766,2016-02-08,988,1,base_prediction|gold_daily|gold_vs_ma5|gold_vs_ma20|copper_daily|copper_vs_ma5|copper_vs_ma20|a500_vs_ma20|us10y_vs_ma20|RSI14_lag1|DIFF_lag1|DEA_lag1|cn10y_vs_ma20|brent_vs_ma20|dollar_vs_ma20
2016,2016-02-10,2016-02-09,565766,2016-02-09,989,2,base_prediction|gold_daily|gold_vs_ma5|gold_vs_ma20|copper_daily|copper_vs_ma5|copper_vs_ma20|a500_vs_ma20|us10y_vs_ma20|RSI14_lag1|DIFF_lag1|DEA_lag1|cn10y_vs_ma20|brent_vs_ma20|dollar_vs_ma20
2016,2016-02-12,2016-02-11,565766,2016-02-11,991,1,base_prediction|gold_daily|gold_vs_ma5|gold_vs_ma20|copper_daily|copper_vs_ma5|copper_vs_ma20|a500_vs_ma20|us10y_vs_ma20|RSI14_lag1|DIFF_lag1|DEA_lag1|cn10y_vs_ma20|brent_vs_ma20|dollar_vs_ma20
2016,2016-02-14,2016-02-12,565766,2016-02-12,992,1,base_prediction|gold_daily|gold_vs_ma5|gold_vs_ma20|copper_daily|copper_vs_ma5|copper_vs_ma20|a500_vs_ma20|us10y_vs_ma20|RSI14_lag1|DIFF_lag1|DEA_lag1|cn10y_vs_ma20|brent_vs_ma20|dollar_vs_ma20
2016,2016-02-15,2016-02-14,565766,2016-02-14,993,1,base_prediction|gold_daily|gold_vs_ma5|gold_vs_ma20|copper_daily|copper_vs_ma5|copper_vs_ma20|a500_vs_ma20|us10y_vs_ma20|RSI14_lag1|DIFF_lag1|DEA_lag1|cn10y_vs_ma20|brent_vs_ma20|dollar_vs_ma20
2016,2016-02-16,2016-02-15,565766,2016-02-15,994,2,base_prediction|gold_daily|gold_vs_ma5|gold_vs_ma20|copper_daily|copper_vs_ma5|copper_vs_ma20|a500_vs_ma20|us10y_vs_ma20|RSI14_lag1|DIFF_lag1|DEA_lag1|cn10y_vs_ma20|brent_vs_ma20|dollar_vs_ma20
2016,2016-02-18,2016-02-17,565766,2016-02-17,996,2,base_prediction|gold_daily|gold_vs_ma5|gold_vs_ma20|copper_daily|copper_vs_ma5|copper_vs_ma20|a500_vs_ma20|us10y_vs_ma20|RSI14_lag1|DIFF_lag1|DEA_lag1|cn10y_vs_ma20|brent_vs_ma20|dollar_vs_ma20
2016,2016-02-22,2016-02-19,565766,2016-02-19,998,1,base_prediction|gold_daily|gold_vs_ma5|gold_vs_ma20|copper_daily|copper_vs_ma5|copper_vs_ma20|a500_vs_ma20|us10y_vs_ma20|RSI14_lag1|DIFF_lag1|DEA_lag1|cn10y_vs_ma20|brent_vs_ma20|dollar_vs_ma20
2016,2016-02-23,2016-02-22,565766,2016-02-22,999,1,base_prediction|gold_daily|gold_vs_ma5|gold_vs_ma20|copper_daily|copper_vs_ma5|copper_vs_ma20|a500_vs_ma20|us10y_vs_ma20|RSI14_lag1|DIFF_lag1|DEA_lag1|cn10y_vs_ma20|brent_vs_ma20|dollar_vs_ma20
2016,2016-02-24,2016-02-23,565766,2016-02-23,1000,1,base_prediction|gold_daily|gold_vs_ma5|gold_vs_ma20|copper_daily|copper_vs_ma5|copper_vs_ma20|a500_vs_ma20|us10y_vs_ma20|RSI14_lag1|DIFF_lag1|DEA_lag1|cn10y_vs_ma20|brent_vs_ma20|dollar_vs_ma20
2016,2016-02-25,2016-02-24,565766,2016-02-24,1001,2,base_prediction|gold_daily|gold_vs_ma5|gold_vs_ma20|copper_daily|copper_vs_ma5|copper_vs_ma20|a500_vs_ma20|us10y_vs_ma20|RSI14_lag1|DIFF_lag1|DEA_lag1|cn10y_vs_ma20|brent_vs_ma20|dollar_vs_ma20
2016,2016-02-29,2016-02-26,565766,2016-02-26,1003,1,base_prediction|gold_daily|gold_vs_ma5|gold_vs_ma20|copper_daily|copper_vs_ma5|copper_vs_ma20|a500_vs_ma20|us10y_vs_ma20|RSI14_lag1|DIFF_lag1|DEA_lag1|cn10y_vs_ma20|brent_vs_ma20|dollar_vs_ma20
2016,2016-03-01,2016-02-29,565766,2016-02-29,1004,1,base_prediction|gold_daily|gold_vs_ma5|gold_vs_ma20|copper_daily|copper_vs_ma5|copper_vs_ma20|a500_vs_ma20|us10y_vs_ma20|RSI14_lag1|DIFF_lag1|DEA_lag1|cn10y_vs_ma20|brent_vs_ma20|dollar_vs_ma20
2016,2016-03-02,2016-03-01,565766,2016-03-01,1005,2,base_prediction|gold_daily|gold_vs_ma5|gold_vs_ma20|copper_daily|copper_vs_ma5|copper_vs_ma20|a500_vs_ma20|us10y_vs_ma20|RSI14_lag1|DIFF_lag1|DEA_lag1|cn10y_vs_ma20|brent_vs_ma20|dollar_vs_ma20
2016,2016-03-04,2016-03-03,565766,2016-03-03,1007,1,base_prediction|gold_daily|gold_vs_ma5|gold_vs_ma20|copper_daily|copper_vs_ma5|copper_vs_ma20|a500_vs_ma20|us10y_vs_ma20|RSI14_lag1|DIFF_lag1|DEA_lag1|cn10y_vs_ma20|brent_vs_ma20|dollar_vs_ma20
2016,2016-03-07,2016-03-04,565766,2016-03-04,1008,1,base_prediction|gold_daily|gold_vs_ma5|gold_vs_ma20|copper_daily|copper_vs_ma5|copper_vs_ma20|a500_vs_ma20|us10y_vs_ma20|RSI14_lag1|DIFF_lag1|DEA_lag1|cn10y_vs_ma20|brent_vs_ma20|dollar_vs_ma20
2016,2016-03-08,2016-03-07,565766,2016-03-07,1009,1,base_prediction|gold_daily|gold_vs_ma5|gold_vs_ma20|copper_daily|copper_vs_ma5|copper_vs_ma20|a500_vs_ma20|us10y_vs_ma20|RSI14_lag1|DIFF_lag1|DEA_lag1|cn10y_vs_ma20|brent_vs_ma20|dollar_vs_ma20
2016,2016-03-09,2016-03-08,550343,2016-03-08,1010,1,base_prediction|gold_daily|gold_vs_ma5|gold_vs_ma20|copper_daily|copper_vs_ma5|copper_vs_ma20|a500_vs_ma20|us10y_vs_ma20|RSI14_lag1|DIFF_lag1|DEA_lag1|cn10y_vs_ma20|brent_vs_ma20|dollar_vs_ma20
2016,2016-03-10,2016-03-09,550343,2016-03-09,1011,1,base_prediction|gold_daily|gold_vs_ma5|gold_vs_ma20|copper_daily|copper_vs_ma5|copper_vs_ma20|a500_vs_ma20|us10y_vs_ma20|RSI14_lag1|DIFF_lag1|DEA_lag1|cn10y_vs_ma20|brent_vs_ma20|dollar_vs_ma20
2016,2016-03-11,2016-03-10,550343,2016-03-10,1012,2,base_prediction|gold_daily|gold_vs_ma5|gold_vs_ma20|copper_daily|copper_vs_ma5|copper_vs_ma20|a500_vs_ma20|us10y_vs_ma20|RSI14_lag1|DIFF_lag1|DEA_lag1|cn10y_vs_ma20|brent_vs_ma20|dollar_vs_ma20
2016,2016-03-15,2016-03-14,550343,2016-03-14,1014,2,base_prediction|gold_daily|gold_vs_ma5|gold_vs_ma20|copper_daily|copper_vs_ma5|copper_vs_ma20|a500_vs_ma20|us10y_vs_ma20|RSI14_lag1|DIFF_lag1|DEA_lag1|cn10y_vs_ma20|brent_vs_ma20|dollar_vs_ma20
2016,2016-03-17,2016-03-16,550343,2016-03-16,1016,1,base_prediction|gold_daily|gold_vs_ma5|gold_vs_ma20|copper_daily|copper_vs_ma5|copper_vs_ma20|a500_vs_ma20|us10y_vs_ma20|RSI14_lag1|DIFF_lag1|DEA_lag1|cn10y_vs_ma20|brent_vs_ma20|dollar_vs_ma20
2016,2016-03-18,2016-03-17,550343,2016-03-17,1017,2,base_prediction|gold_daily|gold_vs_ma5|gold_vs_ma20|copper_daily|copper_vs_ma5|copper_vs_ma20|a500_vs_ma20|us10y_vs_ma20|RSI14_lag1|DIFF_lag1|DEA_lag1|cn10y_vs_ma20|brent_vs_ma20|dollar_vs_ma20
2016,2016-03-22,2016-03-21,550343,2016-03-21,1019,2,base_prediction|gold_daily|gold_vs_ma5|gold_vs_ma20|copper_daily|copper_vs_ma5|copper_vs_ma20|a500_vs_ma20|us10y_vs_ma20|RSI14_lag1|DIFF_lag1|DEA_lag1|cn10y_vs_ma20|brent_vs_ma20|dollar_vs_ma20
2016,2016-03-24,2016-03-23,385735,2016-03-23,1021,1,base_prediction|gold_daily|gold_vs_ma5|gold_vs_ma20|copper_daily|copper_vs_ma5|copper_vs_ma20|a500_vs_ma20|us10y_vs_ma20|RSI14_lag1|DIFF_lag1|DEA_lag1|cn10y_vs_ma20|brent_vs_ma20|dollar_vs_ma20
2016,2016-03-25,2016-03-24,550343,2016-03-24,1022,3,base_prediction|gold_daily|gold_vs_ma5|gold_vs_ma20|copper_daily|copper_vs_ma5|copper_vs_ma20|a500_vs_ma20|us10y_vs_ma20|RSI14_lag1|DIFF_lag1|DEA_lag1|cn10y_vs_ma20|brent_vs_ma20|dollar_vs_ma20
2016,2016-03-30,2016-03-29,550343,2016-03-29,1025,2,base_prediction|gold_daily|gold_vs_ma5|gold_vs_ma20|copper_daily|copper_vs_ma5|copper_vs_ma20|a500_vs_ma20|us10y_vs_ma20|RSI14_lag1|DIFF_lag1|DEA_lag1|cn10y_vs_ma20|brent_vs_ma20|dollar_vs_ma20
2016,2016-04-01,2016-03-31,550343,2016-03-31,1027,1,base_prediction|gold_daily|gold_vs_ma5|gold_vs_ma20|copper_daily|copper_vs_ma5|copper_vs_ma20|a500_vs_ma20|us10y_vs_ma20|RSI14_lag1|DIFF_lag1|DEA_lag1|cn10y_vs_ma20|brent_vs_ma20|dollar_vs_ma20
2016,2016-04-04,2016-04-01,550343,2016-04-01,1028,2,base_prediction|gold_daily|gold_vs_ma5|gold_vs_ma20|copper_daily|copper_vs_ma5|copper_vs_ma20|a500_vs_ma20|us10y_vs_ma20|RSI14_lag1|DIFF_lag1|DEA_lag1|cn10y_vs_ma20|brent_vs_ma20|dollar_vs_ma20
2016,2016-04-06,2016-04-05,550343,2016-04-05,1030,1,base_prediction|gold_daily|gold_vs_ma5|gold_vs_ma20|copper_daily|copper_vs_ma5|copper_vs_ma20|a500_vs_ma20|us10y_vs_ma20|RSI14_lag1|DIFF_lag1|DEA_lag1|cn10y_vs_ma20|brent_vs_ma20|dollar_vs_ma20
2016,2016-04-07,2016-04-06,550343,2016-04-06,1031,1,base_prediction|gold_daily|gold_vs_ma5|gold_vs_ma20|copper_daily|copper_vs_ma5|copper_vs_ma20|a500_vs_ma20|us10y_vs_ma20|RSI14_lag1|DIFF_lag1|DEA_lag1|cn10y_vs_ma20|brent_vs_ma20|dollar_vs_ma20
2016,2016-04-08,2016-04-07,385735,2016-04-07,1032,1,base_prediction|gold_daily|gold_vs_ma5|gold_vs_ma20|copper_daily|copper_vs_ma5|copper_vs_ma20|a500_vs_ma20|us10y_vs_ma20|RSI14_lag1|DIFF_lag1|DEA_lag1|cn10y_vs_ma20|brent_vs_ma20|dollar_vs_ma20
2016,2016-04-11,2016-04-08,640934,2016-04-08,1033,2,base_prediction|gold_daily|gold_vs_ma5|gold_vs_ma20|copper_daily|copper_vs_ma5|copper_vs_ma20|a500_vs_ma20|us10y_vs_ma20|RSI14_lag1|DIFF_lag1|DEA_lag1|cn10y_vs_ma20|brent_vs_ma20|dollar_vs_ma20
2016,2016-04-13,2016-04-12,640934,2016-04-12,1035,1,base_prediction|gold_daily|gold_vs_ma5|gold_vs_ma20|copper_daily|copper_vs_ma5|copper_vs_ma20|a500_vs_ma20|us10y_vs_ma20|RSI14_lag1|DIFF_lag1|DEA_lag1|cn10y_vs_ma20|brent_vs_ma20|dollar_vs_ma20
2016,2016-04-14,2016-04-13,640934,2016-04-13,1036,2,base_prediction|gold_daily|gold_vs_ma5|gold_vs_ma20|copper_daily|copper_vs_ma5|copper_vs_ma20|a500_vs_ma20|us10y_vs_ma20|RSI14_lag1|DIFF_lag1|DEA_lag1|cn10y_vs_ma20|brent_vs_ma20|dollar_vs_ma20
2016,2016-04-18,2016-04-15,640934,2016-04-15,1038,3,base_prediction|gold_daily|gold_vs_ma5|gold_vs_ma20|copper_daily|copper_vs_ma5|copper_vs_ma20|a500_vs_ma20|us10y_vs_ma20|RSI14_lag1|DIFF_lag1|DEA_lag1|cn10y_vs_ma20|brent_vs_ma20|dollar_vs_ma20
2016,2016-04-21,2016-04-20,640934,2016-04-20,1041,2,base_prediction|gold_daily|gold_vs_ma5|gold_vs_ma20|copper_daily|copper_vs_ma5|copper_vs_ma20|a500_vs_ma20|us10y_vs_ma20|RSI14_lag1|DIFF_lag1|DEA_lag1|cn10y_vs_ma20|brent_vs_ma20|dollar_vs_ma20
2016,2016-04-25,2016-04-22,640934,2016-04-22,1043,2,base_prediction|gold_daily|gold_vs_ma5|gold_vs_ma20|copper_daily|copper_vs_ma5|copper_vs_ma20|a500_vs_ma20|us10y_vs_ma20|RSI14_lag1|DIFF_lag1|DEA_lag1|cn10y_vs_ma20|brent_vs_ma20|dollar_vs_ma20
2016,2016-04-27,2016-04-26,640934,2016-04-26,1045,1,base_prediction|gold_daily|gold_vs_ma5|gold_vs_ma20|copper_daily|copper_vs_ma5|copper_vs_ma20|a500_vs_ma20|us10y_vs_ma20|RSI14_lag1|DIFF_lag1|DEA_lag1|cn10y_vs_ma20|brent_vs_ma20|dollar_vs_ma20
2016,2016-04-28,2016-04-27,640934,2016-04-27,1046,1,base_prediction|gold_daily|gold_vs_ma5|gold_vs_ma20|copper_daily|copper_vs_ma5|copper_vs_ma20|a500_vs_ma20|us10y_vs_ma20|RSI14_lag1|DIFF_lag1|DEA_lag1|cn10y_vs_ma20|brent_vs_ma20|dollar_vs_ma20
2016,2016-04-29,2016-04-28,640934,2016-04-28,1047,1,base_prediction|gold_daily|gold_vs_ma5|gold_vs_ma20|copper_daily|copper_vs_ma5|copper_vs_ma20|a500_vs_ma20|us10y_vs_ma20|RSI14_lag1|DIFF_lag1|DEA_lag1|cn10y_vs_ma20|brent_vs_ma20|dollar_vs_ma20
2016,2016-05-02,2016-04-29,965409,2016-04-29,1048,2,base_prediction|gold_daily|gold_vs_ma5|gold_vs_ma20|copper_daily|copper_vs_ma5|copper_vs_ma20|a500_vs_ma20|us10y_vs_ma20|RSI14_lag1|DIFF_lag1|DEA_lag1|cn10y_vs_ma20|brent_vs_ma20|dollar_vs_ma20
2016,2016-05-04,2016-05-03,965409,2016-05-03,1050,1,base_prediction|gold_daily|gold_vs_ma5|gold_vs_ma20|copper_daily|copper_vs_ma5|copper_vs_ma20|a500_vs_ma20|us10y_vs_ma20|RSI14_lag1|DIFF_lag1|DEA_lag1|cn10y_vs_ma20|brent_vs_ma20|dollar_vs_ma20
2016,2016-05-05,2016-05-04,741131,2016-05-04,1051,1,base_prediction|gold_daily|gold_vs_ma5|gold_vs_ma20|copper_daily|copper_vs_ma5|copper_vs_ma20|a500_vs_ma20|us10y_vs_ma20|RSI14_lag1|DIFF_lag1|DEA_lag1|cn10y_vs_ma20|brent_vs_ma20|dollar_vs_ma20
2016,2016-05-06,2016-05-05,640934,2016-05-05,1052,2,base_prediction|gold_daily|gold_vs_ma5|gold_vs_ma20|copper_daily|copper_vs_ma5|copper_vs_ma20|a500_vs_ma20|us10y_vs_ma20|RSI14_lag1|DIFF_lag1|DEA_lag1|cn10y_vs_ma20|brent_vs_ma20|dollar_vs_ma20
2016,2016-05-10,2016-05-09,965409,2016-05-09,1054,2,base_prediction|gold_daily|gold_vs_ma5|gold_vs_ma20|copper_daily|copper_vs_ma5|copper_vs_ma20|a500_vs_ma20|us10y_vs_ma20|RSI14_lag1|DIFF_lag1|DEA_lag1|cn10y_vs_ma20|brent_vs_ma20|dollar_vs_ma20
2016,2016-05-12,2016-05-11,965409,2016-05-11,1056,1,base_prediction|gold_daily|gold_vs_ma5|gold_vs_ma20|copper_daily|copper_vs_ma5|copper_vs_ma20|a500_vs_ma20|us10y_vs_ma20|RSI14_lag1|DIFF_lag1|DEA_lag1|cn10y_vs_ma20|brent_vs_ma20|dollar_vs_ma20
2016,2016-05-13,2016-05-12,965409,2016-05-12,1057,1,base_prediction|gold_daily|gold_vs_ma5|gold_vs_ma20|copper_daily|copper_vs_ma5|copper_vs_ma20|a500_vs_ma20|us10y_vs_ma20|RSI14_lag1|DIFF_lag1|DEA_lag1|cn10y_vs_ma20|brent_vs_ma20|dollar_vs_ma20
2016,2016-05-16,2016-05-13,965409,2016-05-13,1058,1,base_prediction|gold_daily|gold_vs_ma5|gold_vs_ma20|copper_daily|copper_vs_ma5|copper_vs_ma20|a500_vs_ma20|us10y_vs_ma20|RSI14_lag1|DIFF_lag1|DEA_lag1|cn10y_vs_ma20|brent_vs_ma20|dollar_vs_ma20
2016,2016-05-17,2016-05-16,965409,2016-05-16,1059,2,base_prediction|gold_daily|gold_vs_ma5|gold_vs_ma20|copper_daily|copper_vs_ma5|copper_vs_ma20|a500_vs_ma20|us10y_vs_ma20|RSI14_lag1|DIFF_lag1|DEA_lag1|cn10y_vs_ma20|brent_vs_ma20|dollar_vs_ma20
2016,2016-05-19,2016-05-18,965409,2016-05-18,1061,1,base_prediction|gold_daily|gold_vs_ma5|gold_vs_ma20|copper_daily|copper_vs_ma5|copper_vs_ma20|a500_vs_ma20|us10y_vs_ma20|RSI14_lag1|DIFF_lag1|DEA_lag1|cn10y_vs_ma20|brent_vs_ma20|dollar_vs_ma20
2016,2016-05-20,2016-05-19,965409,2016-05-19,1062,1,base_prediction|gold_daily|gold_vs_ma5|gold_vs_ma20|copper_daily|copper_vs_ma5|copper_vs_ma20|a500_vs_ma20|us10y_vs_ma20|RSI14_lag1|DIFF_lag1|DEA_lag1|cn10y_vs_ma20|brent_vs_ma20|dollar_vs_ma20
2016,2016-05-23,2016-05-20,785634,2016-05-20,1063,2,base_prediction|gold_daily|gold_vs_ma5|gold_vs_ma20|copper_daily|copper_vs_ma5|copper_vs_ma20|a500_vs_ma20|us10y_vs_ma20|RSI14_lag1|DIFF_lag1|DEA_lag1|cn10y_vs_ma20|brent_vs_ma20|dollar_vs_ma20
2016,2016-05-25,2016-05-24,785634,2016-05-24,1065,1,base_prediction|gold_daily|gold_vs_ma5|gold_vs_ma20|copper_daily|copper_vs_ma5|copper_vs_ma20|a500_vs_ma20|us10y_vs_ma20|RSI14_lag1|DIFF_lag1|DEA_lag1|cn10y_vs_ma20|brent_vs_ma20|dollar_vs_ma20
2016,2016-05-26,2016-05-25,965409,2016-05-25,1066,1,base_prediction|gold_daily|gold_vs_ma5|gold_vs_ma20|copper_daily|copper_vs_ma5|copper_vs_ma20|a500_vs_ma20|us10y_vs_ma20|RSI14_lag1|DIFF_lag1|DEA_lag1|cn10y_vs_ma20|brent_vs_ma20|dollar_vs_ma20
2016,2016-05-27,2016-05-26,965409,2016-05-26,1067,1,base_prediction|gold_daily|gold_vs_ma5|gold_vs_ma20|copper_daily|copper_vs_ma5|copper_vs_ma20|a500_vs_ma20|us10y_vs_ma20|RSI14_lag1|DIFF_lag1|DEA_lag1|cn10y_vs_ma20|brent_vs_ma20|dollar_vs_ma20
2016,2016-05-30,2016-05-27,965409,2016-05-27,1068,3,base_prediction|gold_daily|gold_vs_ma5|gold_vs_ma20|copper_daily|copper_vs_ma5|copper_vs_ma20|a500_vs_ma20|us10y_vs_ma20|RSI14_lag1|DIFF_lag1|DEA_lag1|cn10y_vs_ma20|brent_vs_ma20|dollar_vs_ma20
2016,2016-06-02,2016-06-01,965409,2016-06-01,1071,2,base_prediction|gold_daily|gold_vs_ma5|gold_vs_ma20|copper_daily|copper_vs_ma5|copper_vs_ma20|a500_vs_ma20|us10y_vs_ma20|RSI14_lag1|DIFF_lag1|DEA_lag1|cn10y_vs_ma20|brent_vs_ma20|dollar_vs_ma20
2016,2016-06-06,2016-06-03,965409,2016-06-03,1073,1,base_prediction|gold_daily|gold_vs_ma5|gold_vs_ma20|copper_daily|copper_vs_ma5|copper_vs_ma20|a500_vs_ma20|us10y_vs_ma20|RSI14_lag1|DIFF_lag1|DEA_lag1|cn10y_vs_ma20|brent_vs_ma20|dollar_vs_ma20
2016,2016-06-07,2016-06-06,965409,2016-06-06,1074,2,base_prediction|gold_daily|gold_vs_ma5|gold_vs_ma20|copper_daily|copper_vs_ma5|copper_vs_ma20|a500_vs_ma20|us10y_vs_ma20|RSI14_lag1|DIFF_lag1|DEA_lag1|cn10y_vs_ma20|brent_vs_ma20|dollar_vs_ma20
2016,2016-06-09,2016-06-08,965409,2016-06-08,1076,1,base_prediction|gold_daily|gold_vs_ma5|gold_vs_ma20|copper_daily|copper_vs_ma5|copper_vs_ma20|a500_vs_ma20|us10y_vs_ma20|RSI14_lag1|DIFF_lag1|DEA_lag1|cn10y_vs_ma20|brent_vs_ma20|dollar_vs_ma20
2016,2016-06-10,2016-06-09,965409,2016-06-09,1077,6,base_prediction|gold_daily|gold_vs_ma5|gold_vs_ma20|copper_daily|copper_vs_ma5|copper_vs_ma20|a500_vs_ma20|us10y_vs_ma20|RSI14_lag1|DIFF_lag1|DEA_lag1|cn10y_vs_ma20|brent_vs_ma20|dollar_vs_ma20
2016,2016-06-17,2016-06-16,965409,2016-06-16,1083,2,base_prediction|gold_daily|gold_vs_ma5|gold_vs_ma20|copper_daily|copper_vs_ma5|copper_vs_ma20|a500_vs_ma20|us10y_vs_ma20|RSI14_lag1|DIFF_lag1|DEA_lag1|cn10y_vs_ma20|brent_vs_ma20|dollar_vs_ma20
2016,2016-06-21,2016-06-20,965409,2016-06-20,1085,1,base_prediction|gold_daily|gold_vs_ma5|gold_vs_ma20|copper_daily|copper_vs_ma5|copper_vs_ma20|a500_vs_ma20|us10y_vs_ma20|RSI14_lag1|DIFF_lag1|DEA_lag1|cn10y_vs_ma20|brent_vs_ma20|dollar_vs_ma20
2016,2016-06-22,2016-06-21,965409,2016-06-21,1086,2,base_prediction|gold_daily|gold_vs_ma5|gold_vs_ma20|copper_daily|copper_vs_ma5|copper_vs_ma20|a500_vs_ma20|us10y_vs_ma20|RSI14_lag1|DIFF_lag1|DEA_lag1|cn10y_vs_ma20|brent_vs_ma20|dollar_vs_ma20
2016,2016-06-24,2016-06-23,965409,2016-06-23,1088,1,base_prediction|gold_daily|gold_vs_ma5|gold_vs_ma20|copper_daily|copper_vs_ma5|copper_vs_ma20|a500_vs_ma20|us10y_vs_ma20|RSI14_lag1|DIFF_lag1|DEA_lag1|cn10y_vs_ma20|brent_vs_ma20|dollar_vs_ma20
2016,2016-06-27,2016-06-24,965409,2016-06-24,1089,1,base_prediction|gold_daily|gold_vs_ma5|gold_vs_ma20|copper_daily|copper_vs_ma5|copper_vs_ma20|a500_vs_ma20|us10y_vs_ma20|RSI14_lag1|DIFF_lag1|DEA_lag1|cn10y_vs_ma20|brent_vs_ma20|dollar_vs_ma20
2016,2016-06-28,2016-06-27,965409,2016-06-27,1090,1,base_prediction|gold_daily|gold_vs_ma5|gold_vs_ma20|copper_daily|copper_vs_ma5|copper_vs_ma20|a500_vs_ma20|us10y_vs_ma20|RSI14_lag1|DIFF_lag1|DEA_lag1|cn10y_vs_ma20|brent_vs_ma20|dollar_vs_ma20
2016,2016-06-29,2016-06-28,965409,2016-06-28,1091,1,base_prediction|gold_daily|gold_vs_ma5|gold_vs_ma20|copper_daily|copper_vs_ma5|copper_vs_ma20|a500_vs_ma20|us10y_vs_ma20|RSI14_lag1|DIFF_lag1|DEA_lag1|cn10y_vs_ma20|brent_vs_ma20|dollar_vs_ma20
2016,2016-06-30,2016-06-29,965409,2016-06-29,1092,1,base_prediction|gold_daily|gold_vs_ma5|gold_vs_ma20|copper_daily|copper_vs_ma5|copper_vs_ma20|a500_vs_ma20|us10y_vs_ma20|RSI14_lag1|DIFF_lag1|DEA_lag1|cn10y_vs_ma20|brent_vs_ma20|dollar_vs_ma20
2016,2016-07-01,2016-06-30,965409,2016-06-30,1093,1,base_prediction|gold_daily|gold_vs_ma5|gold_vs_ma20|copper_daily|copper_vs_ma5|copper_vs_ma20|a500_vs_ma20|us10y_vs_ma20|RSI14_lag1|DIFF_lag1|DEA_lag1|cn10y_vs_ma20|brent_vs_ma20|dollar_vs_ma20
2016,2016-07-04,2016-07-01,965409,2016-07-01,1094,1,base_prediction|gold_daily|gold_vs_ma5|gold_vs_ma20|copper_daily|copper_vs_ma5|copper_vs_ma20|a500_vs_ma20|us10y_vs_ma20|RSI14_lag1|DIFF_lag1|DEA_lag1|cn10y_vs_ma20|brent_vs_ma20|dollar_vs_ma20
2016,2016-07-05,2016-07-04,965409,2016-07-04,1095,1,base_prediction|gold_daily|gold_vs_ma5|gold_vs_ma20|copper_daily|copper_vs_ma5|copper_vs_ma20|a500_vs_ma20|us10y_vs_ma20|RSI14_lag1|DIFF_lag1|DEA_lag1|cn10y_vs_ma20|brent_vs_ma20|dollar_vs_ma20
2016,2016-07-06,2016-07-05,965409,2016-07-05,1096,1,base_prediction|gold_daily|gold_vs_ma5|gold_vs_ma20|copper_daily|copper_vs_ma5|copper_vs_ma20|a500_vs_ma20|us10y_vs_ma20|RSI14_lag1|DIFF_lag1|DEA_lag1|cn10y_vs_ma20|brent_vs_ma20|dollar_vs_ma20
2016,2016-07-07,2016-07-06,965409,2016-07-06,1097,1,base_prediction|gold_daily|gold_vs_ma5|gold_vs_ma20|copper_daily|copper_vs_ma5|copper_vs_ma20|a500_vs_ma20|us10y_vs_ma20|RSI14_lag1|DIFF_lag1|DEA_lag1|cn10y_vs_ma20|brent_vs_ma20|dollar_vs_ma20
2016,2016-07-08,2016-07-07,785634,2016-07-07,1098,1,base_prediction|gold_daily|gold_vs_ma5|gold_vs_ma20|copper_daily|copper_vs_ma5|copper_vs_ma20|a500_vs_ma20|us10y_vs_ma20|RSI14_lag1|DIFF_lag1|DEA_lag1|cn10y_vs_ma20|brent_vs_ma20|dollar_vs_ma20
2016,2016-07-11,2016-07-08,785634,2016-07-08,1099,1,base_prediction|gold_daily|gold_vs_ma5|gold_vs_ma20|copper_daily|copper_vs_ma5|copper_vs_ma20|a500_vs_ma20|us10y_vs_ma20|RSI14_lag1|DIFF_lag1|DEA_lag1|cn10y_vs_ma20|brent_vs_ma20|dollar_vs_ma20
2016,2016-07-12,2016-07-11,785634,2016-07-11,1100,1,base_prediction|gold_daily|gold_vs_ma5|gold_vs_ma20|copper_daily|copper_vs_ma5|copper_vs_ma20|a500_vs_ma20|us10y_vs_ma20|RSI14_lag1|DIFF_lag1|DEA_lag1|cn10y_vs_ma20|brent_vs_ma20|dollar_vs_ma20
2016,2016-07-13,2016-07-12,785634,2016-07-12,1101,1,base_prediction|gold_daily|gold_vs_ma5|gold_vs_ma20|copper_daily|copper_vs_ma5|copper_vs_ma20|a500_vs_ma20|us10y_vs_ma20|RSI14_lag1|DIFF_lag1|DEA_lag1|cn10y_vs_ma20|brent_vs_ma20|dollar_vs_ma20
2016,2016-07-14,2016-07-13,785634,2016-07-13,1102,1,base_prediction|gold_daily|gold_vs_ma5|gold_vs_ma20|copper_daily|copper_vs_ma5|copper_vs_ma20|a500_vs_ma20|us10y_vs_ma20|RSI14_lag1|DIFF_lag1|DEA_lag1|cn10y_vs_ma20|brent_vs_ma20|dollar_vs_ma20
2016,2016-07-15,2016-07-14,785634,2016-07-14,1103,1,base_prediction|gold_daily|gold_vs_ma5|gold_vs_ma20|copper_daily|copper_vs_ma5|copper_vs_ma20|a500_vs_ma20|us10y_vs_ma20|RSI14_lag1|DIFF_lag1|DEA_lag1|cn10y_vs_ma20|brent_vs_ma20|dollar_vs_ma20
2016,2016-07-18,2016-07-15,785634,2016-07-15,1104,1,base_prediction|gold_daily|gold_vs_ma5|gold_vs_ma20|copper_daily|copper_vs_ma5|copper_vs_ma20|a500_vs_ma20|us10y_vs_ma20|RSI14_lag1|DIFF_lag1|DEA_lag1|cn10y_vs_ma20|brent_vs_ma20|dollar_vs_ma20
2016,2016-07-19,2016-07-18,785634,2016-07-18,1105,1,base_prediction|gold_daily|gold_vs_ma5|gold_vs_ma20|copper_daily|copper_vs_ma5|copper_vs_ma20|a500_vs_ma20|us10y_vs_ma20|RSI14_lag1|DIFF_lag1|DEA_lag1|cn10y_vs_ma20|brent_vs_ma20|dollar_vs_ma20
2016,2016-07-20,2016-07-19,785634,2016-07-19,1106,1,base_prediction|gold_daily|gold_vs_ma5|gold_vs_ma20|copper_daily|copper_vs_ma5|copper_vs_ma20|a500_vs_ma20|us10y_vs_ma20|RSI14_lag1|DIFF_lag1|DEA_lag1|cn10y_vs_ma20|brent_vs_ma20|dollar_vs_ma20
2016,2016-07-21,2016-07-20,785634,2016-07-20,1107,1,base_prediction|gold_daily|gold_vs_ma5|gold_vs_ma20|copper_daily|copper_vs_ma5|copper_vs_ma20|a500_vs_ma20|us10y_vs_ma20|RSI14_lag1|DIFF_lag1|DEA_lag1|cn10y_vs_ma20|brent_vs_ma20|dollar_vs_ma20
2016,2016-07-22,2016-07-21,785634,2016-07-21,1108,1,base_prediction|gold_daily|gold_vs_ma5|gold_vs_ma20|copper_daily|copper_vs_ma5|copper_vs_ma20|a500_vs_ma20|us10y_vs_ma20|RSI14_lag1|DIFF_lag1|DEA_lag1|cn10y_vs_ma20|brent_vs_ma20|dollar_vs_ma20
2016,2016-07-25,2016-07-22,785634,2016-07-22,1109,1,base_prediction|gold_daily|gold_vs_ma5|gold_vs_ma20|copper_daily|copper_vs_ma5|copper_vs_ma20|a500_vs_ma20|us10y_vs_ma20|RSI14_lag1|DIFF_lag1|DEA_lag1|cn10y_vs_ma20|brent_vs_ma20|dollar_vs_ma20
2016,2016-07-26,2016-07-25,785634,2016-07-25,1110,1,base_prediction|gold_daily|gold_vs_ma5|gold_vs_ma20|copper_daily|copper_vs_ma5|copper_vs_ma20|a500_vs_ma20|us10y_vs_ma20|RSI14_lag1|DIFF_lag1|DEA_lag1|cn10y_vs_ma20|brent_vs_ma20|dollar_vs_ma20
2016,2016-07-27,2016-07-26,785634,2016-07-26,1111,3,base_prediction|gold_daily|gold_vs_ma5|gold_vs_ma20|copper_daily|copper_vs_ma5|copper_vs_ma20|a500_vs_ma20|us10y_vs_ma20|RSI14_lag1|DIFF_lag1|DEA_lag1|cn10y_vs_ma20|brent_vs_ma20|dollar_vs_ma20
2016,2016-08-01,2016-07-29,785634,2016-07-29,1114,1,base_prediction|gold_daily|gold_vs_ma5|gold_vs_ma20|copper_daily|copper_vs_ma5|copper_vs_ma20|a500_vs_ma20|us10y_vs_ma20|RSI14_lag1|DIFF_lag1|DEA_lag1|cn10y_vs_ma20|brent_vs_ma20|dollar_vs_ma20
2016,2016-08-02,2016-08-01,785634,2016-08-01,1115,1,base_prediction|gold_daily|gold_vs_ma5|gold_vs_ma20|copper_daily|copper_vs_ma5|copper_vs_ma20|a500_vs_ma20|us10y_vs_ma20|RSI14_lag1|DIFF_lag1|DEA_lag1|cn10y_vs_ma20|brent_vs_ma20|dollar_vs_ma20
2016,2016-08-03,2016-08-02,785634,2016-08-02,1116,1,base_prediction|gold_daily|gold_vs_ma5|gold_vs_ma20|copper_daily|copper_vs_ma5|copper_vs_ma20|a500_vs_ma20|us10y_vs_ma20|RSI14_lag1|DIFF_lag1|DEA_lag1|cn10y_vs_ma20|brent_vs_ma20|dollar_vs_ma20
2016,2016-08-04,2016-08-03,785634,2016-08-03,1117,2,base_prediction|gold_daily|gold_vs_ma5|gold_vs_ma20|copper_daily|copper_vs_ma5|copper_vs_ma20|a500_vs_ma20|us10y_vs_ma20|RSI14_lag1|DIFF_lag1|DEA_lag1|cn10y_vs_ma20|brent_vs_ma20|dollar_vs_ma20
2016,2016-08-08,2016-08-05,785634,2016-08-05,1119,3,base_prediction|gold_daily|gold_vs_ma5|gold_vs_ma20|copper_daily|copper_vs_ma5|copper_vs_ma20|a500_vs_ma20|us10y_vs_ma20|RSI14_lag1|DIFF_lag1|DEA_lag1|cn10y_vs_ma20|brent_vs_ma20|dollar_vs_ma20
2016,2016-08-11,2016-08-10,785634,2016-08-10,1122,2,base_prediction|gold_daily|gold_vs_ma5|gold_vs_ma20|copper_daily|copper_vs_ma5|copper_vs_ma20|a500_vs_ma20|us10y_vs_ma20|RSI14_lag1|DIFF_lag1|DEA_lag1|cn10y_vs_ma20|brent_vs_ma20|dollar_vs_ma20
2016,2016-08-15,2016-08-12,785634,2016-08-12,1124,2,base_prediction|gold_daily|gold_vs_ma5|gold_vs_ma20|copper_daily|copper_vs_ma5|copper_vs_ma20|a500_vs_ma20|us10y_vs_ma20|RSI14_lag1|DIFF_lag1|DEA_lag1|cn10y_vs_ma20|brent_vs_ma20|dollar_vs_ma20
2016,2016-08-17,2016-08-16,785634,2016-08-16,1126,1,base_prediction|gold_daily|gold_vs_ma5|gold_vs_ma20|copper_daily|copper_vs_ma5|copper_vs_ma20|a500_vs_ma20|us10y_vs_ma20|RSI14_lag1|DIFF_lag1|DEA_lag1|cn10y_vs_ma20|brent_vs_ma20|dollar_vs_ma20
2016,2016-08-18,2016-08-17,785634,2016-08-17,1127,3,base_prediction|gold_daily|gold_vs_ma5|gold_vs_ma20|copper_daily|copper_vs_ma5|copper_vs_ma20|a500_vs_ma20|us10y_vs_ma20|RSI14_lag1|DIFF_lag1|DEA_lag1|cn10y_vs_ma20|brent_vs_ma20|dollar_vs_ma20
2016,2016-08-23,2016-08-22,785634,2016-08-22,1130,2,base_prediction|gold_daily|gold_vs_ma5|gold_vs_ma20|copper_daily|copper_vs_ma5|copper_vs_ma20|a500_vs_ma20|us10y_vs_ma20|RSI14_lag1|DIFF_lag1|DEA_lag1|cn10y_vs_ma20|brent_vs_ma20|dollar_vs_ma20
2016,2016-08-25,2016-08-24,785634,2016-08-24,1132,4,base_prediction|gold_daily|gold_vs_ma5|gold_vs_ma20|copper_daily|copper_vs_ma5|copper_vs_ma20|a500_vs_ma20|us10y_vs_ma20|RSI14_lag1|DIFF_lag1|DEA_lag1|cn10y_vs_ma20|brent_vs_ma20|dollar_vs_ma20
2016,2016-08-31,2016-08-30,785634,2016-08-30,1136,1,base_prediction|gold_daily|gold_vs_ma5|gold_vs_ma20|copper_daily|copper_vs_ma5|copper_vs_ma20|a500_vs_ma20|us10y_vs_ma20|RSI14_lag1|DIFF_lag1|DEA_lag1|cn10y_vs_ma20|brent_vs_ma20|dollar_vs_ma20
2016,2016-09-01,2016-08-31,785634,2016-08-31,1137,7,base_prediction|gold_daily|gold_vs_ma5|gold_vs_ma20|copper_daily|copper_vs_ma5|copper_vs_ma20|a500_vs_ma20|us10y_vs_ma20|RSI14_lag1|DIFF_lag1|DEA_lag1|cn10y_vs_ma20|brent_vs_ma20|dollar_vs_ma20
2016,2016-09-12,2016-09-09,741131,2016-09-09,1144,3,base_prediction|gold_daily|gold_vs_ma5|gold_vs_ma20|copper_daily|copper_vs_ma5|copper_vs_ma20|a500_vs_ma20|us10y_vs_ma20|RSI14_lag1|DIFF_lag1|DEA_lag1|cn10y_vs_ma20|brent_vs_ma20|dollar_vs_ma20
2016,2016-09-15,2016-09-14,741131,2016-09-14,1147,1,base_prediction|gold_daily|gold_vs_ma5|gold_vs_ma20|copper_daily|copper_vs_ma5|copper_vs_ma20|a500_vs_ma20|us10y_vs_ma20|RSI14_lag1|DIFF_lag1|DEA_lag1|cn10y_vs_ma20|brent_vs_ma20|dollar_vs_ma20
2016,2016-09-16,2016-09-15,741131,2016-09-15,1148,1,base_prediction|gold_daily|gold_vs_ma5|gold_vs_ma20|copper_daily|copper_vs_ma5|copper_vs_ma20|a500_vs_ma20|us10y_vs_ma20|RSI14_lag1|DIFF_lag1|DEA_lag1|cn10y_vs_ma20|brent_vs_ma20|dollar_vs_ma20
2016,2016-09-18,2016-09-16,741131,2016-09-16,1149,1,base_prediction|gold_daily|gold_vs_ma5|gold_vs_ma20|copper_daily|copper_vs_ma5|copper_vs_ma20|a500_vs_ma20|us10y_vs_ma20|RSI14_lag1|DIFF_lag1|DEA_lag1|cn10y_vs_ma20|brent_vs_ma20|dollar_vs_ma20
2016,2016-09-19,2016-09-18,741131,2016-09-18,1150,1,base_prediction|gold_daily|gold_vs_ma5|gold_vs_ma20|copper_daily|copper_vs_ma5|copper_vs_ma20|a500_vs_ma20|us10y_vs_ma20|RSI14_lag1|DIFF_lag1|DEA_lag1|cn10y_vs_ma20|brent_vs_ma20|dollar_vs_ma20
2016,2016-09-20,2016-09-19,741131,2016-09-19,1151,3,base_prediction|gold_daily|gold_vs_ma5|gold_vs_ma20|copper_daily|copper_vs_ma5|copper_vs_ma20|a500_vs_ma20|us10y_vs_ma20|RSI14_lag1|DIFF_lag1|DEA_lag1|cn10y_vs_ma20|brent_vs_ma20|dollar_vs_ma20
2016,2016-09-23,2016-09-22,785634,2016-09-22,1154,3,base_prediction|gold_daily|gold_vs_ma5|gold_vs_ma20|copper_daily|copper_vs_ma5|copper_vs_ma20|a500_vs_ma20|us10y_vs_ma20|RSI14_lag1|DIFF_lag1|DEA_lag1|cn10y_vs_ma20|brent_vs_ma20|dollar_vs_ma20
2016,2016-09-28,2016-09-27,785634,2016-09-27,1157,2,base_prediction|gold_daily|gold_vs_ma5|gold_vs_ma20|copper_daily|copper_vs_ma5|copper_vs_ma20|a500_vs_ma20|us10y_vs_ma20|RSI14_lag1|DIFF_lag1|DEA_lag1|cn10y_vs_ma20|brent_vs_ma20|dollar_vs_ma20
2016,2016-09-30,2016-09-29,785634,2016-09-29,1159,1,base_prediction|gold_daily|gold_vs_ma5|gold_vs_ma20|copper_daily|copper_vs_ma5|copper_vs_ma20|a500_vs_ma20|us10y_vs_ma20|RSI14_lag1|DIFF_lag1|DEA_lag1|cn10y_vs_ma20|brent_vs_ma20|dollar_vs_ma20
2016,2016-10-03,2016-09-30,785634,2016-09-30,1160,1,base_prediction|gold_daily|gold_vs_ma5|gold_vs_ma20|copper_daily|copper_vs_ma5|copper_vs_ma20|a500_vs_ma20|us10y_vs_ma20|RSI14_lag1|DIFF_lag1|DEA_lag1|cn10y_vs_ma20|brent_vs_ma20|dollar_vs_ma20
2016,2016-10-04,2016-10-03,785634,2016-10-03,1161,1,base_prediction|gold_daily|gold_vs_ma5|gold_vs_ma20|copper_daily|copper_vs_ma5|copper_vs_ma20|a500_vs_ma20|us10y_vs_ma20|RSI14_lag1|DIFF_lag1|DEA_lag1|cn10y_vs_ma20|brent_vs_ma20|dollar_vs_ma20
2016,2016-10-05,2016-10-04,785634,2016-10-04,1162,2,base_prediction|gold_daily|gold_vs_ma5|gold_vs_ma20|copper_daily|copper_vs_ma5|copper_vs_ma20|a500_vs_ma20|us10y_vs_ma20|RSI14_lag1|DIFF_lag1|DEA_lag1|cn10y_vs_ma20|brent_vs_ma20|dollar_vs_ma20
2016,2016-10-07,2016-10-06,785634,2016-10-06,1164,1,base_prediction|gold_daily|gold_vs_ma5|gold_vs_ma20|copper_daily|copper_vs_ma5|copper_vs_ma20|a500_vs_ma20|us10y_vs_ma20|RSI14_lag1|DIFF_lag1|DEA_lag1|cn10y_vs_ma20|brent_vs_ma20|dollar_vs_ma20
2016,2016-10-08,2016-10-07,785634,2016-10-07,1165,1,base_prediction|gold_daily|gold_vs_ma5|gold_vs_ma20|copper_daily|copper_vs_ma5|copper_vs_ma20|a500_vs_ma20|us10y_vs_ma20|RSI14_lag1|DIFF_lag1|DEA_lag1|cn10y_vs_ma20|brent_vs_ma20|dollar_vs_ma20
2016,2016-10-09,2016-10-08,785634,2016-10-08,1166,4,base_prediction|gold_daily|gold_vs_ma5|gold_vs_ma20|copper_daily|copper_vs_ma5|copper_vs_ma20|a500_vs_ma20|us10y_vs_ma20|RSI14_lag1|DIFF_lag1|DEA_lag1|cn10y_vs_ma20|brent_vs_ma20|dollar_vs_ma20
2016,2016-10-13,2016-10-12,965409,2016-10-12,1170,1,base_prediction|gold_daily|gold_vs_ma5|gold_vs_ma20|copper_daily|copper_vs_ma5|copper_vs_ma20|a500_vs_ma20|us10y_vs_ma20|RSI14_lag1|DIFF_lag1|DEA_lag1|cn10y_vs_ma20|brent_vs_ma20|dollar_vs_ma20
2016,2016-10-14,2016-10-13,965409,2016-10-13,1171,1,base_prediction|gold_daily|gold_vs_ma5|gold_vs_ma20|copper_daily|copper_vs_ma5|copper_vs_ma20|a500_vs_ma20|us10y_vs_ma20|RSI14_lag1|DIFF_lag1|DEA_lag1|cn10y_vs_ma20|brent_vs_ma20|dollar_vs_ma20
2016,2016-10-17,2016-10-14,965409,2016-10-14,1172,1,base_prediction|gold_daily|gold_vs_ma5|gold_vs_ma20|copper_daily|copper_vs_ma5|copper_vs_ma20|a500_vs_ma20|us10y_vs_ma20|RSI14_lag1|DIFF_lag1|DEA_lag1|cn10y_vs_ma20|brent_vs_ma20|dollar_vs_ma20
2016,2016-10-18,2016-10-17,965409,2016-10-17,1173,1,base_prediction|gold_daily|gold_vs_ma5|gold_vs_ma20|copper_daily|copper_vs_ma5|copper_vs_ma20|a500_vs_ma20|us10y_vs_ma20|RSI14_lag1|DIFF_lag1|DEA_lag1|cn10y_vs_ma20|brent_vs_ma20|dollar_vs_ma20
2016,2016-10-19,2016-10-18,965409,2016-10-18,1174,1,base_prediction|gold_daily|gold_vs_ma5|gold_vs_ma20|copper_daily|copper_vs_ma5|copper_vs_ma20|a500_vs_ma20|us10y_vs_ma20|RSI14_lag1|DIFF_lag1|DEA_lag1|cn10y_vs_ma20|brent_vs_ma20|dollar_vs_ma20
2016,2016-10-20,2016-10-19,965409,2016-10-19,1175,1,base_prediction|gold_daily|gold_vs_ma5|gold_vs_ma20|copper_daily|copper_vs_ma5|copper_vs_ma20|a500_vs_ma20|us10y_vs_ma20|RSI14_lag1|DIFF_lag1|DEA_lag1|cn10y_vs_ma20|brent_vs_ma20|dollar_vs_ma20
2016,2016-10-21,2016-10-20,965409,2016-10-20,1176,1,base_prediction|gold_daily|gold_vs_ma5|gold_vs_ma20|copper_daily|copper_vs_ma5|copper_vs_ma20|a500_vs_ma20|us10y_vs_ma20|RSI14_lag1|DIFF_lag1|DEA_lag1|cn10y_vs_ma20|brent_vs_ma20|dollar_vs_ma20
2016,2016-10-24,2016-10-21,965409,2016-10-21,1177,1,base_prediction|gold_daily|gold_vs_ma5|gold_vs_ma20|copper_daily|copper_vs_ma5|copper_vs_ma20|a500_vs_ma20|us10y_vs_ma20|RSI14_lag1|DIFF_lag1|DEA_lag1|cn10y_vs_ma20|brent_vs_ma20|dollar_vs_ma20
2016,2016-10-25,2016-10-24,965409,2016-10-24,1178,4,base_prediction|gold_daily|gold_vs_ma5|gold_vs_ma20|copper_daily|copper_vs_ma5|copper_vs_ma20|a500_vs_ma20|us10y_vs_ma20|RSI14_lag1|DIFF_lag1|DEA_lag1|cn10y_vs_ma20|brent_vs_ma20|dollar_vs_ma20
2016,2016-10-31,2016-10-28,965409,2016-10-28,1182,2,base_prediction|gold_daily|gold_vs_ma5|gold_vs_ma20|copper_daily|copper_vs_ma5|copper_vs_ma20|a500_vs_ma20|us10y_vs_ma20|RSI14_lag1|DIFF_lag1|DEA_lag1|cn10y_vs_ma20|brent_vs_ma20|dollar_vs_ma20
2016,2016-11-02,2016-11-01,965409,2016-11-01,1184,1,base_prediction|gold_daily|gold_vs_ma5|gold_vs_ma20|copper_daily|copper_vs_ma5|copper_vs_ma20|a500_vs_ma20|us10y_vs_ma20|RSI14_lag1|DIFF_lag1|DEA_lag1|cn10y_vs_ma20|brent_vs_ma20|dollar_vs_ma20
2016,2016-11-03,2016-11-02,965409,2016-11-02,1185,1,base_prediction|gold_daily|gold_vs_ma5|gold_vs_ma20|copper_daily|copper_vs_ma5|copper_vs_ma20|a500_vs_ma20|us10y_vs_ma20|RSI14_lag1|DIFF_lag1|DEA_lag1|cn10y_vs_ma20|brent_vs_ma20|dollar_vs_ma20
2016,2016-11-04,2016-11-03,965409,2016-11-03,1186,3,base_prediction|gold_daily|gold_vs_ma5|gold_vs_ma20|copper_daily|copper_vs_ma5|copper_vs_ma20|a500_vs_ma20|us10y_vs_ma20|RSI14_lag1|DIFF_lag1|DEA_lag1|cn10y_vs_ma20|brent_vs_ma20|dollar_vs_ma20
2016,2016-11-09,2016-11-08,965409,2016-11-08,1189,1,base_prediction|gold_daily|gold_vs_ma5|gold_vs_ma20|copper_daily|copper_vs_ma5|copper_vs_ma20|a500_vs_ma20|us10y_vs_ma20|RSI14_lag1|DIFF_lag1|DEA_lag1|cn10y_vs_ma20|brent_vs_ma20|dollar_vs_ma20
2016,2016-11-10,2016-11-09,965409,2016-11-09,1190,2,base_prediction|gold_daily|gold_vs_ma5|gold_vs_ma20|copper_daily|copper_vs_ma5|copper_vs_ma20|a500_vs_ma20|us10y_vs_ma20|RSI14_lag1|DIFF_lag1|DEA_lag1|cn10y_vs_ma20|brent_vs_ma20|dollar_vs_ma20
2016,2016-11-14,2016-11-11,965409,2016-11-11,1192,1,base_prediction|gold_daily|gold_vs_ma5|gold_vs_ma20|copper_daily|copper_vs_ma5|copper_vs_ma20|a500_vs_ma20|us10y_vs_ma20|RSI14_lag1|DIFF_lag1|DEA_lag1|cn10y_vs_ma20|brent_vs_ma20|dollar_vs_ma20
2016,2016-11-15,2016-11-14,965409,2016-11-14,1193,2,base_prediction|gold_daily|gold_vs_ma5|gold_vs_ma20|copper_daily|copper_vs_ma5|copper_vs_ma20|a500_vs_ma20|us10y_vs_ma20|RSI14_lag1|DIFF_lag1|DEA_lag1|cn10y_vs_ma20|brent_vs_ma20|dollar_vs_ma20
2016,2016-11-17,2016-11-16,965409,2016-11-16,1195,1,base_prediction|gold_daily|gold_vs_ma5|gold_vs_ma20|copper_daily|copper_vs_ma5|copper_vs_ma20|a500_vs_ma20|us10y_vs_ma20|RSI14_lag1|DIFF_lag1|DEA_lag1|cn10y_vs_ma20|brent_vs_ma20|dollar_vs_ma20
2016,2016-11-18,2016-11-17,965409,2016-11-17,1196,3,base_prediction|gold_daily|gold_vs_ma5|gold_vs_ma20|copper_daily|copper_vs_ma5|copper_vs_ma20|a500_vs_ma20|us10y_vs_ma20|RSI14_lag1|DIFF_lag1|DEA_lag1|cn10y_vs_ma20|brent_vs_ma20|dollar_vs_ma20
2016,2016-11-23,2016-11-22,965409,2016-11-22,1199,1,base_prediction|gold_daily|gold_vs_ma5|gold_vs_ma20|copper_daily|copper_vs_ma5|copper_vs_ma20|a500_vs_ma20|us10y_vs_ma20|RSI14_lag1|DIFF_lag1|DEA_lag1|cn10y_vs_ma20|brent_vs_ma20|dollar_vs_ma20
2016,2016-11-24,2016-11-23,965409,2016-11-23,1200,2,base_prediction|gold_daily|gold_vs_ma5|gold_vs_ma20|copper_daily|copper_vs_ma5|copper_vs_ma20|a500_vs_ma20|us10y_vs_ma20|RSI14_lag1|DIFF_lag1|DEA_lag1|cn10y_vs_ma20|brent_vs_ma20|dollar_vs_ma20
2016,2016-11-28,2016-11-25,965409,2016-11-25,1202,1,base_prediction|gold_daily|gold_vs_ma5|gold_vs_ma20|copper_daily|copper_vs_ma5|copper_vs_ma20|a500_vs_ma20|us10y_vs_ma20|RSI14_lag1|DIFF_lag1|DEA_lag1|cn10y_vs_ma20|brent_vs_ma20|dollar_vs_ma20
2016,2016-11-29,2016-11-28,965409,2016-11-28,1203,1,base_prediction|gold_daily|gold_vs_ma5|gold_vs_ma20|copper_daily|copper_vs_ma5|copper_vs_ma20|a500_vs_ma20|us10y_vs_ma20|RSI14_lag1|DIFF_lag1|DEA_lag1|cn10y_vs_ma20|brent_vs_ma20|dollar_vs_ma20
2016,2016-11-30,2016-11-29,965409,2016-11-29,1204,1,base_prediction|gold_daily|gold_vs_ma5|gold_vs_ma20|copper_daily|copper_vs_ma5|copper_vs_ma20|a500_vs_ma20|us10y_vs_ma20|RSI14_lag1|DIFF_lag1|DEA_lag1|cn10y_vs_ma20|brent_vs_ma20|dollar_vs_ma20
2016,2016-12-01,2016-11-30,965409,2016-11-30,1205,1,base_prediction|gold_daily|gold_vs_ma5|gold_vs_ma20|copper_daily|copper_vs_ma5|copper_vs_ma20|a500_vs_ma20|us10y_vs_ma20|RSI14_lag1|DIFF_lag1|DEA_lag1|cn10y_vs_ma20|brent_vs_ma20|dollar_vs_ma20
2016,2016-12-02,2016-12-01,965409,2016-12-01,1206,1,base_prediction|gold_daily|gold_vs_ma5|gold_vs_ma20|copper_daily|copper_vs_ma5|copper_vs_ma20|a500_vs_ma20|us10y_vs_ma20|RSI14_lag1|DIFF_lag1|DEA_lag1|cn10y_vs_ma20|brent_vs_ma20|dollar_vs_ma20
2016,2016-12-05,2016-12-02,965409,2016-12-02,1207,1,base_prediction|gold_daily|gold_vs_ma5|gold_vs_ma20|copper_daily|copper_vs_ma5|copper_vs_ma20|a500_vs_ma20|us10y_vs_ma20|RSI14_lag1|DIFF_lag1|DEA_lag1|cn10y_vs_ma20|brent_vs_ma20|dollar_vs_ma20
2016,2016-12-06,2016-12-05,965409,2016-12-05,1208,1,base_prediction|gold_daily|gold_vs_ma5|gold_vs_ma20|copper_daily|copper_vs_ma5|copper_vs_ma20|a500_vs_ma20|us10y_vs_ma20|RSI14_lag1|DIFF_lag1|DEA_lag1|cn10y_vs_ma20|brent_vs_ma20|dollar_vs_ma20
2016,2016-12-07,2016-12-06,965409,2016-12-06,1209,1,base_prediction|gold_daily|gold_vs_ma5|gold_vs_ma20|copper_daily|copper_vs_ma5|copper_vs_ma20|a500_vs_ma20|us10y_vs_ma20|RSI14_lag1|DIFF_lag1|DEA_lag1|cn10y_vs_ma20|brent_vs_ma20|dollar_vs_ma20
2016,2016-12-08,2016-12-07,965409,2016-12-07,1210,1,base_prediction|gold_daily|gold_vs_ma5|gold_vs_ma20|copper_daily|copper_vs_ma5|copper_vs_ma20|a500_vs_ma20|us10y_vs_ma20|RSI14_lag1|DIFF_lag1|DEA_lag1|cn10y_vs_ma20|brent_vs_ma20|dollar_vs_ma20
2016,2016-12-09,2016-12-08,965409,2016-12-08,1211,1,base_prediction|gold_daily|gold_vs_ma5|gold_vs_ma20|copper_daily|copper_vs_ma5|copper_vs_ma20|a500_vs_ma20|us10y_vs_ma20|RSI14_lag1|DIFF_lag1|DEA_lag1|cn10y_vs_ma20|brent_vs_ma20|dollar_vs_ma20
2016,2016-12-12,2016-12-09,965409,2016-12-09,1212,1,base_prediction|gold_daily|gold_vs_ma5|gold_vs_ma20|copper_daily|copper_vs_ma5|copper_vs_ma20|a500_vs_ma20|us10y_vs_ma20|RSI14_lag1|DIFF_lag1|DEA_lag1|cn10y_vs_ma20|brent_vs_ma20|dollar_vs_ma20
2016,2016-12-13,2016-12-12,965409,2016-12-12,1213,1,base_prediction|gold_daily|gold_vs_ma5|gold_vs_ma20|copper_daily|copper_vs_ma5|copper_vs_ma20|a500_vs_ma20|us10y_vs_ma20|RSI14_lag1|DIFF_lag1|DEA_lag1|cn10y_vs_ma20|brent_vs_ma20|dollar_vs_ma20
2016,2016-12-14,2016-12-13,965409,2016-12-13,1214,1,base_prediction|gold_daily|gold_vs_ma5|gold_vs_ma20|copper_daily|copper_vs_ma5|copper_vs_ma20|a500_vs_ma20|us10y_vs_ma20|RSI14_lag1|DIFF_lag1|DEA_lag1|cn10y_vs_ma20|brent_vs_ma20|dollar_vs_ma20
2016,2016-12-15,2016-12-14,965409,2016-12-14,1215,1,base_prediction|gold_daily|gold_vs_ma5|gold_vs_ma20|copper_daily|copper_vs_ma5|copper_vs_ma20|a500_vs_ma20|us10y_vs_ma20|RSI14_lag1|DIFF_lag1|DEA_lag1|cn10y_vs_ma20|brent_vs_ma20|dollar_vs_ma20
2016,2016-12-16,2016-12-15,965409,2016-12-15,1216,2,base_prediction|gold_daily|gold_vs_ma5|gold_vs_ma20|copper_daily|copper_vs_ma5|copper_vs_ma20|a500_vs_ma20|us10y_vs_ma20|RSI14_lag1|DIFF_lag1|DEA_lag1|cn10y_vs_ma20|brent_vs_ma20|dollar_vs_ma20
2016,2016-12-20,2016-12-19,965409,2016-12-19,1218,1,base_prediction|gold_daily|gold_vs_ma5|gold_vs_ma20|copper_daily|copper_vs_ma5|copper_vs_ma20|a500_vs_ma20|us10y_vs_ma20|RSI14_lag1|DIFF_lag1|DEA_lag1|cn10y_vs_ma20|brent_vs_ma20|dollar_vs_ma20
2016,2016-12-21,2016-12-20,965409,2016-12-20,1219,1,base_prediction|gold_daily|gold_vs_ma5|gold_vs_ma20|copper_daily|copper_vs_ma5|copper_vs_ma20|a500_vs_ma20|us10y_vs_ma20|RSI14_lag1|DIFF_lag1|DEA_lag1|cn10y_vs_ma20|brent_vs_ma20|dollar_vs_ma20
2016,2016-12-22,2016-12-21,965409,2016-12-21,1220,1,base_prediction|gold_daily|gold_vs_ma5|gold_vs_ma20|copper_daily|copper_vs_ma5|copper_vs_ma20|a500_vs_ma20|us10y_vs_ma20|RSI14_lag1|DIFF_lag1|DEA_lag1|cn10y_vs_ma20|brent_vs_ma20|dollar_vs_ma20
2016,2016-12-23,2016-12-22,965409,2016-12-22,1221,1,base_prediction|gold_daily|gold_vs_ma5|gold_vs_ma20|copper_daily|copper_vs_ma5|copper_vs_ma20|a500_vs_ma20|us10y_vs_ma20|RSI14_lag1|DIFF_lag1|DEA_lag1|cn10y_vs_ma20|brent_vs_ma20|dollar_vs_ma20
2016,2016-12-26,2016-12-23,965409,2016-12-23,1222,1,base_prediction|gold_daily|gold_vs_ma5|gold_vs_ma20|copper_daily|copper_vs_ma5|copper_vs_ma20|a500_vs_ma20|us10y_vs_ma20|RSI14_lag1|DIFF_lag1|DEA_lag1|cn10y_vs_ma20|brent_vs_ma20|dollar_vs_ma20
2016,2016-12-27,2016-12-26,965409,2016-12-26,1223,1,base_prediction|gold_daily|gold_vs_ma5|gold_vs_ma20|copper_daily|copper_vs_ma5|copper_vs_ma20|a500_vs_ma20|us10y_vs_ma20|RSI14_lag1|DIFF_lag1|DEA_lag1|cn10y_vs_ma20|brent_vs_ma20|dollar_vs_ma20
2016,2016-12-28,2016-12-27,965409,2016-12-27,1224,1,base_prediction|gold_daily|gold_vs_ma5|gold_vs_ma20|copper_daily|copper_vs_ma5|copper_vs_ma20|a500_vs_ma20|us10y_vs_ma20|RSI14_lag1|DIFF_lag1|DEA_lag1|cn10y_vs_ma20|brent_vs_ma20|dollar_vs_ma20
2016,2016-12-29,2016-12-28,965409,2016-12-28,1225,1,base_prediction|gold_daily|gold_vs_ma5|gold_vs_ma20|copper_daily|copper_vs_ma5|copper_vs_ma20|a500_vs_ma20|us10y_vs_ma20|RSI14_lag1|DIFF_lag1|DEA_lag1|cn10y_vs_ma20|brent_vs_ma20|dollar_vs_ma20
2016,2016-12-30,2016-12-29,965409,2016-12-29,1226,1,base_prediction|gold_daily|gold_vs_ma5|gold_vs_ma20|copper_daily|copper_vs_ma5|copper_vs_ma20|a500_vs_ma20|us10y_vs_ma20|RSI14_lag1|DIFF_lag1|DEA_lag1|cn10y_vs_ma20|brent_vs_ma20|dollar_vs_ma20
2016,2016-12-31,2016-12-30,965409,2016-12-30,1227,1,base_prediction|gold_daily|gold_vs_ma5|gold_vs_ma20|copper_daily|copper_vs_ma5|copper_vs_ma20|a500_vs_ma20|us10y_vs_ma20|RSI14_lag1|DIFF_lag1|DEA_lag1|cn10y_vs_ma20|brent_vs_ma20|dollar_vs_ma20
